CID1,CGL1,CID2,CGL2,eng,rus,cmn,yue,ara,spa,pol,fra,est,fin,mean
1673,ARM,1004,MUSCLE,0.6923076923076923,1.1,1.1818181818181819,0.5454545454545454,2.9,1.4,1.3,2.6,1.4,1.2,1.4319580419580418
1325,FRIEND,1038,TEACHER,0.3076923076923077,1.9,0.8181818181818182,0.9090909090909091,0.7,0.4,0.2,1.4,1.2,0.6,0.8434965034965035
1277,HAND,1301,FOOT,1.0,0.4,0.45454545454545453,1.8181818181818181,2.3,1.1,0.7,2.5,1.5,1.4,1.3172727272727272
1845,BALL,867,GLOVE,0.5384615384615384,0.1,0.18181818181818182,0.18181818181818182,1.5,1.1,0.2,1.4,0.4,0.2,0.5802097902097902
1331,SHEEP,1153,CATTLE,1.5384615384615385,3.2,1.3636363636363635,1.9090909090909092,3.3,2.7,1.3,4.0,1.8,2.5,2.3611188811188812
632,LIZARD,1857,CROCODILE,2.0,0.8,0.45454545454545453,2.0,3.4,2.6,1.3,3.4,2.6,3.1,2.1654545454545455
1325,FRIEND,1782,GUEST,1.9230769230769231,1.2,3.1818181818181817,3.6363636363636362,2.7,1.6,1.2,2.9,2.0,0.8,2.1141258741258744
1394,BONE,1380,TOOTH,2.076923076923077,1.3,0.6363636363636364,2.0,3.1,1.7,2.3,2.9,2.1,2.0,2.011328671328671
1482,SHOULDER,1256,HEAD,0.9230769230769231,0.6,0.18181818181818182,0.5454545454545454,2.8,1.5,0.7,2.7,1.1,0.9,1.195034965034965
1567,DOOR,2940,GATE,2.769230769230769,3.6,5.545454545454546,5.545454545454546,4.2,4.9,4.0,4.8,3.3,3.3,4.196013986013986
1833,DINNER (SUPPER),1318,CHICKEN,0.6923076923076923,0.6,0.2727272727272727,0.2727272727272727,2.5,1.6,0.4,1.7,0.6,1.3,0.9937762237762238
245,BROOM,2,DUST,0.23076923076923078,1.3,0.36363636363636365,0.9090909090909091,2.9,0.9,0.2,2.0,1.1,0.7,1.0603496503496503
1620,SON,1217,FATHER,0.6153846153846154,0.9,0.45454545454545453,2.0,3.2,1.6,1.1,2.7,1.8,1.4,1.5769930069930072
714,SEED,3181,MUSTARD,0.6923076923076923,1.4,0.5454545454545454,1.0909090909090908,1.8,1.8,0.0,2.7,1.1,1.1,1.2228671328671328
1208,CAT,1136,RABBIT,0.6153846153846154,0.3,0.5454545454545454,1.6363636363636365,2.7,0.9,1.1,1.9,1.0,1.3,1.1997202797202797
3640,GOSSIP,2964,NEWS,2.1538461538461537,2.4,2.1818181818181817,0.9090909090909091,2.7,2.1,1.7,4.7,2.2,1.0,2.2044755244755243
1671,TOWER,2246,BELL,0.15384615384615385,0.8,0.6363636363636364,0.36363636363636365,1.5,1.7,0.5,1.6,1.3,0.5,0.9053846153846153
3231,DEITY,852,PRIEST,0.38461538461538464,1.1,0.2727272727272727,0.6363636363636364,2.0,1.6,0.6,2.1,1.4,0.9,1.0993706293706293
1216,MOTHER,1199,WIFE,1.7692307692307692,1.9,2.272727272727273,2.727272727272727,3.5,2.1,1.1,3.3,2.3,1.7,2.266923076923077
906,TREE,3248,MAPLE TREE,2.0,3.0,4.2727272727272725,4.2727272727272725,3.0,3.7,2.8,4.7,2.3,3.5,3.3545454545454545
926,RICE,1366,BOY,0.0,0.0,0.0,0.09090909090909091,0.2,0.0,0.0,0.1,0.1,0.0,0.049090909090909095
1225,DAY (NOT NIGHT),1339,MORNING,2.0,1.3,5.545454545454546,5.181818181818182,3.0,3.6,2.2,3.2,1.7,2.0,2.9727272727272727
951,WEAPONS,1680,HELMET,0.38461538461538464,1.1,0.2727272727272727,1.6363636363636365,2.1,1.4,0.6,1.9,0.6,0.4,1.0393706293706293
1331,SHEEP,820,LAMB,4.538461538461538,3.0,4.363636363636363,3.727272727272727,4.9,3.8,4.0,4.8,4.0,4.3,4.142937062937063
1559,MONEY,1122,WAGES,2.769230769230769,2.8,4.2727272727272725,3.909090909090909,4.9,3.7,3.3,4.5,3.4,2.1,3.565104895104895
1277,HAND,799,WRIST,1.3076923076923077,2.3,2.0,3.4545454545454546,4.1,2.2,1.8,3.3,1.9,2.3,2.466223776223776
2851,AUGUST,1370,MONTH,2.0,2.7,2.5,2.3636363636363638,4.5,3.0,2.2,3.3,1.8,2.7,2.706363636363636
1225,DAY (NOT NIGHT),729,DAWN,2.3076923076923075,1.0,2.6363636363636362,2.5454545454545454,3.2,2.6,2.0,4.1,1.6,2.1,2.4089510489510486
958,WILD ANIMAL,619,ANIMAL,4.0,5.1,3.5454545454545454,3.4545454545454546,2.0,4.1,2.5,5.4,4.9,2.7,3.7700000000000005
666,RIVER,1474,SEA,1.3846153846153846,0.8,2.090909090909091,2.1818181818181817,2.6,2.4,1.4,2.8,1.6,1.4,1.8657342657342657
1378,SPOON,476,CUP,0.6923076923076923,0.8,0.09090909090909091,1.0,2.2,1.2,0.4,1.9,1.2,1.2,1.0683216783216785
2977,WORKER,2618,CAMERA,0.0,0.5,0.09090909090909091,0.36363636363636365,0.5,0.1,0.3,0.1,0.1,0.1,0.21545454545454548
1366,BOY,1262,BROTHER,1.6923076923076923,1.2,2.1818181818181817,2.909090909090909,2.7,1.7,1.1,2.7,1.9,2.4,2.0483216783216784
1007,COW,1502,GOAT,0.8461538461538461,0.5,0.45454545454545453,2.272727272727273,2.8,1.3,1.1,2.6,1.1,1.5,1.4473426573426573
1153,CATTLE,2570,BEEF,3.076923076923077,2.9,2.909090909090909,2.1818181818181817,3.5,3.5,3.5,4.5,0.8,2.8,2.9667832167832167
1233,NIGHT,1225,DAY (NOT NIGHT),0.3076923076923077,0.2,0.0,0.2727272727272727,1.5,1.0,0.1,2.4,1.1,1.2,0.808041958041958
1567,DOOR,1365,KITCHEN,0.07692307692307693,0.8,0.0,0.36363636363636365,0.8,0.7,0.2,0.9,0.5,0.3,0.4640559440559441
1474,SEA,645,OCEAN,5.153846153846154,1.8,5.909090909090909,5.545454545454546,3.4,4.2,2.0,4.8,3.1,4.5,4.040839160839161
1895,CLOTHES,757,BUTTON,0.6153846153846154,1.3,0.45454545454545453,0.8181818181818182,2.4,1.4,0.6,2.2,0.8,1.4,1.1988111888111888
1845,BALL,3202,CANNON,0.6153846153846154,1.2,0.0,0.18181818181818182,0.9,0.4,0.1,0.9,1.4,0.0,0.5697202797202797
1646,GIRL,2099,CHILD,1.8461538461538463,1.6,2.909090909090909,2.4545454545454546,1.0,3.2,1.1,3.2,1.6,2.7,2.1609790209790214
1252,HOUSE,3657,GRANARY,0.8461538461538461,1.0,0.5454545454545454,0.7272727272727273,2.8,0.8,0.6,2.5,1.4,2.4,1.3618881118881119
1833,DINNER (SUPPER),1547,SOUP,1.0769230769230769,1.0,0.45454545454545453,1.1818181818181819,3.0,2.1,1.6,3.2,1.5,1.7,1.6813286713286715
1289,BABY,1357,DAUGHTER,1.8461538461538463,1.4,2.727272727272727,1.9090909090909092,2.5,2.9,2.6,2.6,1.5,2.1,2.2082517482517483
1320,APPLE,132,SAUCE,0.7692307692307693,1.0,0.18181818181818182,0.36363636363636365,1.5,0.6,0.1,1.5,0.4,0.7,0.7114685314685315
2554,PRINCE (RULER),1508,KING,1.9230769230769231,1.3,2.0,2.3636363636363638,3.1,2.2,1.4,4.3,1.9,2.0,2.2486713286713287
1663,BED,3099,SOFA,1.2307692307692308,4.1,0.8181818181818182,2.727272727272727,3.2,2.1,3.6,3.4,2.5,0.0,2.3676223776223777
2618,CAMERA,899,PRESIDENT,0.0,0.2,0.0,0.0,0.1,0.9,0.0,0.1,0.4,0.0,0.17
3050,SEEDLING,628,LEAF,0.6923076923076923,0.9,0.8181818181818182,1.0909090909090908,2.3,1.5,0.2,1.4,0.9,1.2,1.10013986013986
3096,RACKET,1845,BALL,0.6923076923076923,1.2,0.36363636363636365,0.7272727272727273,0.3,1.3,0.2,2.3,1.1,0.6,0.8783216783216783
1663,BED,1476,CHAIR,0.5384615384615384,0.2,0.36363636363636365,1.8181818181818181,2.1,1.4,0.3,2.1,0.9,1.2,1.0920279720279722
1217,FATHER,1216,MOTHER,1.0,1.1,0.5454545454545454,1.7272727272727273,3.2,2.4,1.0,2.9,1.1,1.6,1.6572727272727275
1480,BODY,819,STOMACH,0.7692307692307693,1.5,1.7272727272727273,2.3636363636363638,3.1,1.7,1.0,2.9,1.7,2.0,1.876013986013986
1208,CAT,3780,PET,2.5384615384615383,1.2,3.3636363636363638,2.727272727272727,4.0,3.3,3.2,4.2,2.3,3.0,2.982937062937063
1320,APPLE,3276,SUNSHINE,0.0,0.0,0.18181818181818182,0.0,0.0,0.5,0.1,0.6,0.4,0.0,0.17818181818181816
1896,FINGERNAIL OR TOENAIL,1781,THUMB,0.7692307692307693,1.4,0.45454545454545453,1.9090909090909092,3.1,1.7,1.1,2.8,1.1,1.7,1.6032867132867132
239,FLOWER,1683,BUSH,1.3076923076923077,1.1,0.6363636363636364,1.8181818181818181,2.4,2.1,1.1,2.8,1.4,2.2,1.6862237762237762
1566,GUN,1352,KNIFE,0.9230769230769231,1.1,2.090909090909091,1.9090909090909092,2.0,1.7,0.7,2.9,2.5,2.9,1.8723076923076925
1554,MAN,1200,HUSBAND,1.6153846153846154,2.7,3.0,2.272727272727273,3.4,1.8,2.1,4.1,3.5,3.6,2.808811188811189
926,RICE,832,BEAN,0.7692307692307693,0.6,0.45454545454545453,0.5454545454545454,2.2,1.1,0.6,2.2,1.2,1.2,1.0869230769230769
1476,CHAIR,2584,BENCH,2.6153846153846154,1.7,3.727272727272727,3.3636363636363638,5.6,3.5,1.6,3.6,3.9,3.8,3.34062937062937
674,MOUTH,1380,TOOTH,0.8461538461538461,0.9,0.6363636363636364,0.6363636363636364,3.0,1.5,0.8,3.0,1.1,1.8,1.421888111888112
937,BIRD,2386,TURKEY,2.0,2.3,1.5454545454545454,2.1818181818181817,3.5,2.6,3.1,3.6,2.3,2.8,2.5927272727272728
747,BICYCLE,2505,BEDROOM,0.0,0.0,0.0,0.0,0.2,0.3,0.0,0.1,0.1,0.0,0.06999999999999999
3099,SOFA,1476,CHAIR,2.6923076923076925,1.0,2.1818181818181817,3.090909090909091,4.1,2.6,1.1,3.5,1.7,2.3,2.4265034965034964
1217,FATHER,3231,DEITY,0.6923076923076923,1.3,0.09090909090909091,0.18181818181818182,1.0,1.8,2.3,2.7,0.3,0.4,1.0765034965034965
1833,DINNER (SUPPER),1322,BREAKFAST,0.9230769230769231,0.5,0.8181818181818182,1.9090909090909092,2.7,1.4,0.5,3.4,1.6,1.5,1.525034965034965
784,SNOW,617,ICE,2.923076923076923,2.4,2.5454545454545454,3.5454545454545454,4.1,3.1,2.0,4.3,2.8,3.0,3.0713986013986014
857,STONE,1803,WOOD,0.07692307692307693,0.2,0.09090909090909091,0.6363636363636364,2.0,0.9,0.2,1.8,1.1,0.7,0.7704195804195805
1526,MEAL,1833,DINNER (SUPPER),2.923076923076923,3.0,2.909090909090909,2.909090909090909,4.2,3.6,3.6,4.2,3.1,3.3,3.374125874125874
636,MILL,714,SEED,0.23076923076923078,1.0,0.18181818181818182,0.2727272727272727,2.7,1.5,0.1,2.3,1.1,0.3,0.9685314685314685
952,WEATHER,978,WAVE,0.0,0.5,0.09090909090909091,0.09090909090909091,1.3,0.6,0.1,0.9,0.4,0.2,0.41818181818181815
1559,MONEY,3325,PEARL,0.23076923076923078,0.3,0.0,0.45454545454545453,2.0,1.0,0.2,1.6,0.5,0.4,0.6685314685314685
1394,BONE,803,ANKLE,0.6153846153846154,1.2,0.45454545454545453,0.45454545454545453,3.4,1.1,4.5,2.3,2.8,1.6,1.8424475524475525
1205,TONGUE,1346,THROAT,0.7692307692307693,0.8,0.8181818181818182,1.0,2.8,1.1,0.9,2.4,1.2,1.6,1.3387412587412588
1554,MAN,1217,FATHER,1.9230769230769231,1.4,2.4545454545454546,2.6363636363636362,3.5,2.0,2.3,3.3,2.1,2.6,2.421398601398601
962,WOMAN,1554,MAN,0.3076923076923077,0.4,0.36363636363636365,0.6363636363636364,2.4,1.5,0.2,2.8,1.1,0.9,1.0607692307692307
1663,BED,2505,BEDROOM,1.2307692307692308,1.4,0.7272727272727273,1.5454545454545454,2.6,1.3,1.5,3.0,1.1,0.8,1.5203496503496505
3460,BEACH,660,REEF,0.6923076923076923,0.9,0.18181818181818182,0.2727272727272727,0.3,1.6,0.5,2.5,0.9,1.0,0.8846853146853147
3460,BEACH,1525,COAST,2.6923076923076925,2.5,3.0,3.727272727272727,4.4,3.5,3.4,3.8,3.2,3.888888888888889,3.410846930846931
2996,WEALTH,865,FAME,1.2307692307692308,1.0,1.0,0.6363636363636364,2.8,1.7,0.6,2.5,1.1,0.6,1.3167132867132867
624,LAKE,1145,SWAMP,1.1538461538461537,0.5,0.45454545454545453,2.5454545454545454,2.6,2.8,0.6,3.0,0.9,1.5,1.6053846153846152
255,SERVANT,812,SLAVE,3.076923076923077,1.8,3.3636363636363638,4.0,4.7,2.8,3.4,4.3,2.0,2.2,3.164055944055944
690,BOTTOM,682,SIDE,0.38461538461538464,0.4,0.18181818181818182,0.36363636363636365,2.6,1.0,0.4,2.4,1.0,0.5,0.9230069930069931
1465,BOX,771,HAT,0.07692307692307693,0.5,0.0,0.0,0.7,0.3,0.2,1.3,0.3,0.1,0.3476923076923077
1277,HAND,1781,THUMB,1.1538461538461537,1.0,0.36363636363636365,1.6363636363636365,3.3,1.4,1.4,3.1,1.5,2.0,1.6853846153846153
624,LAKE,1489,CLOUD,0.0,0.3,0.09090909090909091,0.36363636363636365,1.2,0.3,0.4,0.8,0.4,0.3,0.4154545454545454
1366,BOY,2099,CHILD,2.1538461538461537,2.8,3.3636363636363638,2.3636363636363638,3.5,4.4,3.5,4.4,2.7,2.7,3.188111888111888
3086,COMPUTER,144,MACHINE,1.9230769230769231,1.3,2.727272727272727,2.727272727272727,3.6,3.8,3.9,4.6,1.9,3.3,2.9777622377622377
1667,HOLE,1199,WIFE,0.0,0.0,0.6363636363636364,0.0,0.2,0.0,0.0,0.2,0.1,0.0,0.11363636363636365
1504,FLY (INSECT),587,ANT,0.6153846153846154,0.6,0.6363636363636364,0.8181818181818182,2.9,0.5,1.2,2.5,1.5,1.6,1.2869930069930071
1320,APPLE,874,CANDY,0.07692307692307693,0.8,0.09090909090909091,0.18181818181818182,1.4,0.5,0.4,1.8,0.7,0.3,0.624965034965035
1803,WOOD,648,PAPER,0.9230769230769231,0.8,0.45454545454545453,0.45454545454545453,2.3,1.0,0.9,2.6,1.5,1.5,1.243216783216783
1450,ROOM,1663,BED,0.38461538461538464,0.7,0.09090909090909091,0.36363636363636365,2.3,1.3,0.3,1.1,0.7,0.9,0.8139160839160839
1263,SISTER,1262,BROTHER,1.6923076923076923,1.4,2.090909090909091,1.4545454545454546,3.7,3.5,0.7,3.1,1.2,1.9,2.073776223776224
1530,BOWL,1220,TAIL,0.0,0.0,0.0,0.0,0.0,0.2,0.0,0.1,0.0,0.0,0.030000000000000006
1600,SKIRT,3349,WRISTWATCH,0.0,0.2,0.0,0.18181818181818182,0.3,0.3,0.1,0.7,0.2,0.0,0.19818181818181818
948,WATER,1274,SALT,0.15384615384615385,0.4,0.36363636363636365,0.0,0.5,0.4,0.6,1.3,0.7,0.2,0.46174825174825174
1221,NOSE,1256,HEAD,0.38461538461538464,0.8,0.18181818181818182,0.18181818181818182,3.1,0.9,0.9,2.7,0.8,1.3,1.1248251748251747
2631,WIRE,1218,ROPE,3.923076923076923,4.4,1.1818181818181819,0.45454545454545453,3.3,2.5,3.3,4.5,1.7,3.6,2.885944055944056
1663,BED,806,BLANKET,0.6153846153846154,1.2,0.09090909090909091,0.18181818181818182,3.0,1.1,0.5,2.4,1.2,0.6,1.0888111888111889
480,PLATE,1530,BOWL,1.5384615384615385,3.3,1.8181818181818181,2.3636363636363638,3.7,2.4,3.1,2.9,2.4,2.4,2.5920279720279717
606,GRASS,637,MOSS,1.6153846153846154,1.5,1.6363636363636365,2.5454545454545454,3.5,2.1,1.1,2.8,1.7,1.4,1.9897202797202798
635,MILK,1499,JUICE,0.6153846153846154,0.2,0.6363636363636364,0.5454545454545454,2.2,0.7,0.6,2.3,1.0,1.4,1.0197202797202798
937,BIRD,307,HAWK,2.3076923076923075,1.8,2.090909090909091,3.4545454545454546,4.1,2.3,3.6,4.1,2.5,3.2,2.945314685314685
144,MACHINE,2622,ENGINE,2.076923076923077,2.2,2.4545454545454546,2.272727272727273,3.2,2.8,4.2,3.5,2.4,3.0,2.8104195804195804
2977,WORKER,2430,OFFICE,0.23076923076923078,0.9,0.36363636363636365,0.36363636363636365,2.2,0.2,0.3,0.9,0.7,0.7,0.6858041958041958
3091,LEMON,1373,TEA,0.07692307692307693,0.9,0.09090909090909091,0.2727272727272727,1.3,0.5,0.1,1.6,0.6,0.5,0.5940559440559441
644,OAK,3248,MAPLE TREE,1.1538461538461537,0.8,2.3636363636363638,3.0,2.8,1.2,1.8,3.5,1.3,1.9,1.9817482517482516
777,FLUTE,642,MUSIC,1.0,0.9,1.0909090909090908,1.5454545454545454,3.1,1.7,0.7,2.7,1.2,1.0,1.4936363636363637
1173,EYEBROW,1248,EYE,1.1538461538461537,0.8,0.5454545454545454,0.5454545454545454,3.1,0.5,0.6,2.5,1.5,0.9,1.2144755244755245
1745,HIP,478,LIP,0.07692307692307693,0.6,0.0,0.18181818181818182,0.8,0.5,0.2,1.1,0.6,1.3,0.5358741258741259
614,HILL,992,CLIFF,0.8461538461538461,2.4,0.45454545454545453,0.18181818181818182,2.7,1.6,2.2,2.9,2.0,1.8,1.708251748251748
1895,CLOTHES,2770,JACKET,1.5384615384615385,1.7,3.272727272727273,3.909090909090909,3.6,1.5,2.2,3.4,1.7,1.8,2.4620279720279723
1221,NOSE,674,MOUTH,0.6923076923076923,0.8,0.09090909090909091,0.2727272727272727,3.3,0.9,0.6,2.6,1.3,1.6,1.2155944055944057
1362,STREET,1111,CAR,0.7692307692307693,0.8,0.2727272727272727,0.6363636363636364,2.7,0.3,0.3,1.3,0.8,0.4,0.8278321678321678
1730,CHEEK,1205,TONGUE,0.6923076923076923,1.0,0.0,0.36363636363636365,2.4,0.4,0.6,2.0,1.0,1.5,0.9955944055944055
1941,SOLDIER,1338,PEACE,0.0,0.6,0.09090909090909091,0.09090909090909091,1.4,0.3,0.3,1.4,0.4,0.2,0.47818181818181815
1763,CLUB,3958,SOCIETY,4.6923076923076925,1.8,0.0,0.09090909090909091,2.1,2.9,5.0,3.9,0.8,3.8,2.5083216783216784
1066,CRIME,722,ATTACK,1.6923076923076923,0.5,0.9090909090909091,0.9090909090909091,1.8,1.7,2.0,2.4,2.3,0.2,1.441048951048951
1220,TAIL,523,BACK OF HEAD,2.923076923076923,0.4,2.909090909090909,0.9090909090909091,1.4,2.5,3.2,3.0,2.9,1.2,2.134125874125874
1667,HOLE,3644,AGREEMENT,0.0,0.0,0.0,0.0,0.0,0.0,0.0,0.0,0.1,0.0,0.01
2099,CHILD,1366,BOY,1.8461538461538463,2.4,3.090909090909091,2.1818181818181817,2.8,4.2,3.1,4.2,1.9,2.7,2.8418881118881116
1199,WIFE,2299,STRAW,0.0,0.0,0.18181818181818182,0.0,0.0,0.3,0.0,0.0,0.0,0.0,0.04818181818181818
3090,GUITAR,908,DRUM,0.6153846153846154,0.9,0.36363636363636365,0.7272727272727273,2.6,0.8,0.9,2.6,1.2,1.7,1.2406293706293705
239,FLOWER,2617,BULB,0.7692307692307693,0.6,0.0,0.0,0.2,1.5,1.6,2.8,0.7,0.0,0.8169230769230769
3635,ADULT,1289,BABY,0.3076923076923077,0.8,0.5454545454545454,0.36363636363636365,1.1,0.6,0.0,2.2,0.9,0.8,0.7616783216783217
861,JUDGE,1068,COURT,1.0,1.6,0.8181818181818182,0.9090909090909091,3.1,0.9,1.7,3.3,1.6,1.3,1.6227272727272726
893,TIN (METAL),2244,METAL,1.6153846153846154,1.6,2.727272727272727,2.272727272727273,3.7,1.8,3.5,3.6,2.7,0.8,2.4315384615384614
1262,BROTHER,1620,SON,0.7692307692307693,0.8,0.7272727272727273,0.8181818181818182,2.5,0.9,0.9,2.4,1.0,2.3,1.3114685314685315
110,MOTOR,1844,BOAT,0.6153846153846154,0.9,0.2727272727272727,0.18181818181818182,1.2,0.4,0.6,1.8,0.6,0.7,0.7269930069930071
2246,BELL,1567,DOOR,0.23076923076923078,1.0,0.0,0.5454545454545454,2.3,0.3,0.2,2.3,0.4,0.1,0.7376223776223776
2005,MASK,131,FESTIVAL,0.0,0.7,0.18181818181818182,0.2727272727272727,1.1,0.3,0.5,1.9,0.9,0.3,0.6154545454545455
3460,BEACH,622,ISLAND,1.0,0.7,1.2727272727272727,0.8181818181818182,2.7,1.9,1.7,2.6,1.1,0.9,1.4690909090909092
910,DEATH,2434,TRAGEDY,1.5384615384615385,1.9,2.272727272727273,1.1818181818181819,2.9,2.4,2.8,3.3,1.9,1.2,2.139300699300699
1489,CLOUD,1375,WINDOW,0.0,0.4,0.0,0.0,0.2,0.7,0.0,0.8,0.3,0.0,0.24
1643,COUSIN,1327,UNCLE,0.3076923076923077,1.5,0.36363636363636365,1.5454545454545454,3.1,0.6,1.2,2.9,1.9,1.7,1.5116783216783216
2295,SUNSET,1629,EVENING,1.6153846153846154,2.7,5.2727272727272725,4.2727272727272725,4.0,1.5,2.8,3.6,2.3,1.6,2.966083916083916
1224,LIVER,688,LUNG,0.6923076923076923,0.8,0.6363636363636364,0.5454545454545454,2.6,0.5,0.9,2.6,1.1,1.6,1.1974125874125874
1346,THROAT,1221,NOSE,0.38461538461538464,0.8,0.18181818181818182,0.36363636363636365,2.7,0.5,0.7,2.6,1.3,1.5,1.103006993006993
937,BIRD,1514,HEN,1.5384615384615385,1.8,1.6363636363636365,1.0909090909090908,3.0,1.8,3.1,3.0,2.0,3.1,2.206573426573427
1566,GUN,3202,CANNON,2.230769230769231,2.0,1.7272727272727273,2.090909090909091,2.9,1.3,1.4,3.1,2.4,3.1,2.224895104895105
1394,BONE,798,JAW,0.5384615384615384,1.1,1.6363636363636365,1.9090909090909092,3.0,1.1,1.2,2.7,1.0,1.4,1.5583916083916085
404,ALCOHOL (FERMENTED DRINK),1524,WINE,1.7692307692307692,2.0,3.727272727272727,3.6363636363636362,4.2,1.7,3.1,3.6,2.4,2.7,2.8832867132867133
1188,CHARCOAL,2658,COAL,2.6923076923076925,0.7,2.090909090909091,3.3636363636363638,4.4,2.3,3.9,4.6,2.6,4.0,3.0646853146853146
1480,BODY,1592,CHEST,0.8461538461538461,1.4,2.0,1.7272727272727273,2.9,1.1,1.8,2.5,1.9,2.3,1.8473426573426572
1252,HOUSE,292,RUG,0.07692307692307693,0.8,0.09090909090909091,0.45454545454545453,1.5,0.3,0.2,1.3,0.6,0.5,0.5822377622377622
110,MOTOR,2622,ENGINE,3.3076923076923075,4.9,2.4545454545454546,4.545454545454546,4.5,2.0,4.3,3.7,1.1,0.8,3.1607692307692306
1989,CALF,1008,BULL,1.6153846153846154,2.2,3.1818181818181817,3.3636363636363638,4.5,2.3,2.0,3.1,1.5,2.3,2.606083916083916
3333,BELIEF (RELIGIOUS),239,FLOWER,0.23076923076923078,0.1,0.18181818181818182,0.0,0.0,0.1,0.0,0.0,0.1,0.0,0.07125874125874126
1514,HEN,2386,TURKEY,1.1538461538461537,1.0,2.272727272727273,2.1818181818181817,3.3,0.8,3.2,3.4,1.5,2.0,2.0808391608391608
670,ROOT,606,GRASS,0.6153846153846154,0.7,0.36363636363636365,0.45454545454545453,2.1,1.2,0.4,2.6,1.1,1.0,1.0533566433566433
832,BEAN,1299,COFFEE,0.6923076923076923,0.8,0.36363636363636365,0.5454545454545454,0.3,0.2,1.1,0.7,1.4,0.6,0.6701398601398602
1845,BALL,1845,BALL,4.6923076923076925,1.7,4.0,3.8181818181818183,4.7,2.8,2.5,2.9,1.6,1.6,3.031048951048951
2570,BEEF,634,MEAT,2.3076923076923075,2.6,3.6363636363636362,3.272727272727273,4.2,3.9,4.3,3.6,3.0,3.4,3.4216783216783213
1673,ARM,1482,SHOULDER,0.7692307692307693,1.4,0.2727272727272727,1.7272727272727273,3.6,1.0,3.5,2.9,1.4,1.7,1.826923076923077
1007,COW,1153,CATTLE,4.230769230769231,2.5,3.5454545454545454,4.090909090909091,3.1,2.6,4.9,4.1,1.5,3.0,3.356713286713287
615,HORSE,938,MARE,2.8461538461538463,4.4,3.5454545454545454,3.5454545454545454,4.9,2.7,3.1,4.5,2.9,3.6,3.6037062937062943
1481,HAMMER,1380,TOOTH,0.0,0.1,0.0,0.09090909090909091,0.3,0.1,0.0,0.0,0.2,0.0,0.07909090909090909
1303,FINGER,1183,PALM OF HAND,0.6923076923076923,1.0,1.8181818181818181,1.5454545454545454,3.0,0.7,1.4,2.2,0.8,0.0,1.3155944055944055
974,TOBACCO,969,CIGARETTE,2.1538461538461537,1.8,4.818181818181818,3.6363636363636362,4.1,3.6,2.8,4.5,2.9,5.3,3.5608391608391607
1905,EAGLE,3258,FALCON,2.3846153846153846,1.2,3.1818181818181817,4.545454545454546,3.8,2.4,1.8,3.9,1.8,2.7,2.771188811188811
1327,UNCLE,1272,AUNT,1.6923076923076923,1.0,0.6363636363636364,0.5454545454545454,3.9,3.2,1.0,3.9,1.4,1.4,1.8674125874125873
1301,FOOT,831,BASE,2.3846153846153846,0.0,3.272727272727273,3.3636363636363638,1.4,2.2,0.6,3.1,0.5,0.2,1.702097902097902
1394,BONE,981,ELBOW,1.0,1.0,0.2727272727272727,0.2727272727272727,2.5,0.9,1.1,2.3,1.4,1.1,1.1845454545454546
1673,ARM,1924,VEIN,0.07692307692307693,0.8,0.09090909090909091,0.18181818181818182,1.7,0.5,0.1,1.5,0.8,0.5,0.624965034965035
690,BOTTOM,1753,TOP,0.3076923076923077,0.3,0.09090909090909091,0.0,2.1,0.2,0.0,2.5,0.9,0.4,0.6798601398601398
1598,NORTH,1817,WEST,1.0,0.3,0.18181818181818182,0.09090909090909091,3.2,0.5,0.8,2.5,1.0,1.1,1.0672727272727274
1845,BALL,1539,BASKET,0.0,0.8,0.09090909090909091,0.18181818181818182,2.7,0.3,0.6,1.3,0.8,0.3,0.7072727272727273
819,STOMACH,2505,BEDROOM,0.0,0.0,0.0,0.09090909090909091,0.2,0.2,0.0,0.1,0.2,0.0,0.0790909090909091
2009,DOG,1208,CAT,0.6153846153846154,0.4,0.45454545454545453,0.6363636363636364,3.2,0.7,0.1,2.5,1.4,1.4,1.1406293706293706
3333,BELIEF (RELIGIOUS),3966,CONCEPT,1.5384615384615385,1.3,1.2727272727272727,1.0,2.0,2.1,1.6,2.9,1.9,1.1,1.6711188811188813
906,TREE,628,LEAF,0.6153846153846154,1.0,0.2727272727272727,0.7272727272727273,2.8,1.3,0.7,2.4,1.2,1.4,1.2415384615384615
1111,CAR,747,BICYCLE,0.6923076923076923,0.7,0.45454545454545453,1.5454545454545454,3.2,0.6,0.4,2.2,1.1,1.1,1.1992307692307693
2980,AREA,192,CORNER,0.6153846153846154,0.0,0.45454545454545453,0.09090909090909091,0.9,0.6,0.5,1.1,0.5,1.0,0.5760839160839162
933,WALL (OF HOUSE),1006,BRICK,0.6153846153846154,1.0,0.6363636363636364,0.8181818181818182,1.0,1.3,0.7,2.2,1.2,0.8,1.0269930069930069
1489,CLOUD,249,FOG,2.8461538461538463,1.7,2.5454545454545454,1.0,3.3,2.3,1.6,3.2,2.2,2.5,2.319160839160839
666,RIVER,947,STREAM,3.6153846153846154,1.8,3.5454545454545454,3.272727272727273,3.1,2.2,2.5,4.5,0.9,2.8,2.8233566433566435
939,HORN (INSTRUMENT),908,DRUM,0.3076923076923077,0.7,0.09090909090909091,0.5454545454545454,3.0,0.7,0.5,2.3,1.2,0.0,0.9344055944055943
862,SUGAR,942,HONEY,0.6923076923076923,1.1,2.5454545454545454,2.3636363636363638,2.9,1.4,0.5,2.9,2.0,1.9,1.8301398601398602
1895,CLOTHES,1616,CLOTH,1.7692307692307692,1.4,1.4545454545454546,2.3636363636363638,1.3,1.7,1.1,2.3,2.2,1.0,1.6587412587412587
819,STOMACH,1681,WAIST,1.9230769230769231,0.5,2.090909090909091,2.6363636363636362,2.1,1.3,0.2,0.2,3.0,2.7,1.665034965034965
2941,HAPPINESS,720,GOOD LUCK,0.38461538461538464,3.0,0.8181818181818182,0.9090909090909091,2.6,0.7,4.1,2.6,4.6,0.5,2.021188811188811
849,SPRING (OF WATER),1465,BOX,0.0,0.0,0.0,0.09090909090909091,0.4,0.2,0.0,0.0,0.0,0.0,0.06909090909090909
1208,CAT,1386,LION,1.7692307692307692,0.6,0.9090909090909091,1.6363636363636365,3.4,1.2,2.6,2.9,1.8,2.4,1.9214685314685316
2580,HELICOPTER,1597,AIRPLANE,1.6153846153846154,1.5,2.5454545454545454,2.272727272727273,4.6,0.9,1.6,3.3,2.0,1.9,2.2233566433566434
1248,EYE,1651,TEAR (OF EYE),0.15384615384615385,1.0,0.45454545454545453,0.6363636363636364,3.1,1.0,0.6,1.8,1.4,0.9,1.1044755244755244
1673,ARM,799,WRIST,1.2307692307692308,1.3,0.09090909090909091,0.7272727272727273,3.9,1.0,1.0,2.5,2.2,2.2,1.6148951048951048
3231,DEITY,53,SPIRIT,2.3076923076923075,2.1,0.0,0.0,2.5,1.5,2.1,3.0,0.8,2.2,1.650769230769231
1668,GRIEF,1776,SHAME,1.0769230769230769,0.7,1.0,2.3636363636363638,0.6,0.8,0.5,2.4,1.2,1.4,1.204055944055944
506,MAIZE,506,MAIZE,5.3076923076923075,3.5,5.909090909090909,6.0,4.0,3.4,0.9,3.0,1.8,5.1,3.8916783216783215
1471,WINTER,1342,SUMMER,0.38461538461538464,0.5,0.09090909090909091,0.18181818181818182,2.6,0.6,0.7,2.7,1.1,1.1,0.9957342657342657
1566,GUN,729,DAWN,0.0,0.0,0.0,0.0,0.2,0.0,0.0,0.1,0.1,0.0,0.04
2406,HOME,2955,STATE (POLITICS),0.5384615384615384,0.5,0.0,0.09090909090909091,1.4,0.2,0.0,0.1,0.6,0.1,0.3529370629370629
1450,ROOM,3396,BUILDING,0.6153846153846154,0.8,0.18181818181818182,0.2727272727272727,1.7,0.8,0.9,1.6,1.7,1.3,0.9869930069930071
1534,FEVER,1986,DISEASE,2.5384615384615383,1.3,2.272727272727273,2.3636363636363638,4.4,2.1,1.4,3.5,2.2,2.6,2.4674825174825177
962,WOMAN,580,FUR,0.0,0.4,0.0,0.0,0.3,0.3,0.0,0.5,0.4,0.0,0.19
1639,BEER,731,BEVERAGE,1.6923076923076923,2.3,2.5454545454545454,2.272727272727273,4.7,1.9,3.0,3.7,1.7,2.7,2.651048951048951
1567,DOOR,1632,FLOOR,0.07692307692307693,0.6,0.0,0.36363636363636365,0.5,0.9,0.4,0.7,1.2,0.9,0.5640559440559441
1320,APPLE,3091,LEMON,0.3076923076923077,0.7,0.18181818181818182,0.6363636363636364,2.1,0.5,0.4,2.5,1.1,1.6,1.0025874125874126
769,ROOF,1632,FLOOR,0.3076923076923077,0.6,0.09090909090909091,0.2727272727272727,2.2,1.0,0.6,1.9,1.0,0.9,0.8871328671328671
1318,CHICKEN,926,RICE,0.07692307692307693,0.6,0.0,0.45454545454545453,1.2,0.5,0.1,1.4,0.8,0.6,0.5731468531468531
1004,MUSCLE,1205,TONGUE,1.6153846153846154,0.8,0.8181818181818182,0.2727272727272727,2.8,2.0,1.3,3.4,0.8,1.8,1.5606293706293708
1252,HOUSE,1472,KEY,0.23076923076923078,0.8,0.0,0.36363636363636365,2.0,0.6,0.2,1.5,1.0,0.4,0.7094405594405594
1004,MUSCLE,1394,BONE,0.15384615384615385,0.6,0.36363636363636365,0.36363636363636365,2.4,0.5,0.1,2.3,1.5,0.9,0.918111888111888
1251,BELLY,2114,BELLY OR STOMACH,3.6923076923076925,5.0,2.909090909090909,2.272727272727273,4.1,4.3,2.5,5.2,2.1,5.4,3.7474125874125876
1233,NIGHT,729,DAWN,0.38461538461538464,0.7,0.09090909090909091,0.45454545454545453,2.2,0.4,0.0,2.5,1.7,1.2,0.9630069930069929
658,RAIN (PRECIPITATION),609,HAIL,1.8461538461538463,1.2,1.4545454545454546,0.8181818181818182,3.2,1.3,1.0,3.6,2.4,2.8,1.961888111888112
2295,SUNSET,362,STRING,0.0,0.0,0.0,0.0,0.0,0.0,0.0,0.0,0.1,0.0,0.01
1663,BED,616,HOSPITAL,0.0,1.0,0.45454545454545453,0.2727272727272727,2.1,0.7,0.3,1.6,1.2,0.2,0.7827272727272727
1111,CAR,1011,BRIDGE,0.0,0.4,0.18181818181818182,0.2727272727272727,0.7,0.2,0.0,0.6,0.6,0.3,0.32545454545454544
1476,CHAIR,2058,STOOL,2.769230769230769,2.9,5.545454545454546,4.363636363636363,5.2,3.2,3.1,4.2,4.0,4.3,3.957832167832168
1629,EVENING,2297,DUSK,4.076923076923077,3.1,4.909090909090909,4.818181818181818,4.2,2.6,4.6,4.6,4.0,3.6,4.050419580419581
784,SNOW,952,WEATHER,0.9230769230769231,1.1,1.7272727272727273,0.45454545454545453,2.2,0.9,0.3,2.1,1.4,0.8,1.1904895104895106
933,WALL (OF HOUSE),1938,FORTRESS,0.23076923076923078,0.6,0.5454545454545454,0.2727272727272727,0.9,0.5,0.0,1.4,1.6,0.5,0.6548951048951049
1943,CROWN (OF HEAD),1472,KEY,0.0,0.0,0.0,0.09090909090909091,0.3,0.2,0.1,0.1,0.9,0.0,0.1690909090909091
1096,SONG,2060,STORY,0.3076923076923077,0.3,0.45454545454545453,0.2727272727272727,0.9,0.4,0.8,2.0,2.8,0.5,0.8734965034965034
1297,LEG,1673,ARM,0.6153846153846154,0.6,0.45454545454545453,0.36363636363636365,3.3,0.6,0.7,2.9,1.6,1.4,1.2533566433566432
948,WATER,617,ICE,1.8461538461538463,2.3,2.1818181818181817,2.1818181818181817,3.0,0.8,1.0,3.9,2.3,2.3,2.180979020979021
1375,WINDOW,769,ROOF,0.23076923076923078,0.9,0.18181818181818182,0.6363636363636364,0.8,0.4,0.3,1.8,1.1,0.9,0.7248951048951049
962,WOMAN,1199,WIFE,0.9230769230769231,2.0,3.090909090909091,2.272727272727273,3.6,2.9,2.2,4.6,3.7,2.8,2.8086713286713287
1217,FATHER,1357,DAUGHTER,0.15384615384615385,0.9,0.18181818181818182,0.6363636363636364,3.0,0.5,0.4,2.2,1.1,1.1,1.0172027972027973
1554,MAN,2099,CHILD,0.15384615384615385,0.7,2.3636363636363638,1.8181818181818181,1.9,0.8,0.1,2.5,1.2,1.1,1.2635664335664336
1833,DINNER (SUPPER),1526,MEAL,2.3076923076923075,3.2,3.3636363636363638,2.909090909090909,4.2,3.7,4.5,4.9,3.3,3.5,3.5880419580419582
1595,SOUTH,1598,NORTH,0.6153846153846154,0.4,0.18181818181818182,1.2727272727272727,2.5,0.5,0.2,2.6,1.2,1.2,1.066993006993007
963,BOOK,2060,STORY,1.6153846153846154,1.1,2.5454545454545454,3.0,3.2,1.0,2.5,3.0,2.0,1.6,2.156083916083916
1673,ARM,1333,NECK,0.07692307692307693,0.6,0.18181818181818182,0.5454545454545454,2.3,0.5,0.4,2.1,0.9,1.1,0.8704195804195803
1566,GUN,580,FUR,0.0,0.1,0.0,0.09090909090909091,0.4,0.1,0.0,0.1,0.6,0.0,0.1390909090909091
2023,CROWD,1966,BUNCH,2.5384615384615383,3.0,0.0,0.0,1.6,0.8,3.1,4.5,3.2,0.1,1.8838461538461537
1489,CLOUD,952,WEATHER,0.8461538461538461,0.8,2.1818181818181817,0.6363636363636364,2.1,0.7,0.8,2.5,1.5,1.1,1.3164335664335665
992,CLIFF,1220,TAIL,0.0,3.5,0.0,0.09090909090909091,0.8,0.0,0.0,0.1,0.0,0.0,0.4490909090909091
1480,BODY,805,SPINE,0.38461538461538464,1.3,1.3636363636363635,0.5454545454545454,2.9,0.6,0.8,2.2,1.6,1.2,1.2893706293706293
1016,DRIZZLE,658,RAIN (PRECIPITATION),3.230769230769231,4.3,3.3636363636363638,4.2727272727272725,3.3,4.4,3.6,4.7,4.0,4.1,3.9267132867132863
784,SNOW,858,STORM,1.3846153846153846,1.0,0.8181818181818182,0.7272727272727273,3.1,1.1,0.9,2.9,1.6,1.0,1.4530069930069929
1320,APPLE,1499,JUICE,0.7692307692307693,1.0,1.4545454545454546,0.7272727272727273,2.4,1.0,0.6,2.3,1.7,0.7,1.265104895104895
795,TROUT,3090,GUITAR,0.0,0.0,0.0,0.0,0.1,0.0,0.0,0.1,0.0,0.0,0.02
1562,MIND,1583,BRAIN,3.230769230769231,2.4,4.454545454545454,4.545454545454546,5.3,3.7,3.6,3.9,1.7,1.5,3.4330769230769227
1217,FATHER,1262,BROTHER,0.38461538461538464,0.8,0.2727272727272727,1.5454545454545454,3.3,0.4,0.4,2.5,1.4,1.6,1.2602797202797202
1272,AUNT,1063,NEPHEW,0.23076923076923078,0.8,0.2727272727272727,1.1818181818181819,2.8,0.6,0.9,2.5,1.2,0.8,1.1285314685314685
665,BEE,587,ANT,0.6153846153846154,0.4,0.45454545454545453,1.6363636363636365,3.0,0.8,0.7,2.3,1.1,1.5,1.2506293706293705
1554,MAN,3608,WARRIOR,0.5384615384615384,1.4,0.5454545454545454,1.0,2.4,0.9,1.3,2.3,1.8,1.3,1.3483916083916083
60,OAT,212,FIELD,0.0,1.0,0.45454545454545453,0.8181818181818182,1.7,0.7,1.2,1.9,1.6,0.7,1.0072727272727273
488,MANNER,488,MANNER,3.230769230769231,3.7,4.2727272727272725,4.454545454545454,5.4,1.7,2.1,5.8,0.6,2.6,3.385804195804196
1245,BUTTER,593,POTATO,0.23076923076923078,0.6,0.2727272727272727,0.09090909090909091,1.0,0.7,0.4,1.7,1.0,0.8,0.6794405594405595
1906,SOUR,831,BASE,0.5384615384615384,0.1,0.2727272727272727,1.6363636363636365,1.7,1.0,0.0,2.3,1.0,0.0,0.8547552447552448
620,INSECT,665,BEE,1.8461538461538463,2.0,3.0,3.4545454545454546,3.6,2.9,2.8,3.6,2.8,2.9,2.89006993006993
615,HORSE,1169,OX,0.6923076923076923,0.7,0.45454545454545453,1.8181818181818181,3.2,1.4,1.6,2.4,1.3,1.7,1.5265034965034965
965,WORLD,2588,GLOBE,4.0,2.0,2.1818181818181817,4.090909090909091,3.4,3.0,4.5,4.8,3.5,4.1,3.557272727272727
1673,ARM,1394,BONE,0.23076923076923078,0.9,0.45454545454545453,0.36363636363636365,3.2,0.9,0.9,2.2,1.3,1.4,1.1848951048951049
730,SNAKE,632,LIZARD,1.3846153846153846,1.0,0.9090909090909091,0.8181818181818182,3.4,1.2,0.6,3.2,2.0,2.4,1.6911888111888111
634,MEAT,1368,BREAD,0.07692307692307693,0.4,0.18181818181818182,0.36363636363636365,2.8,0.5,0.0,1.9,0.7,0.9,0.7822377622377622
3460,BEACH,1474,SEA,0.9230769230769231,1.2,2.5454545454545454,2.4545454545454546,3.9,3.4,0.6,3.5,1.9,1.0,2.1423076923076922
1844,BOAT,906,TREE,0.0,0.6,0.0,0.09090909090909091,1.0,0.3,0.2,0.4,0.0,0.5,0.3090909090909091
2765,CHERRY,3138,STRAWBERRY,0.7692307692307693,0.8,1.4545454545454546,2.6363636363636362,3.3,1.3,2.3,2.9,1.2,1.5,1.8160139860139861
1394,BONE,1371,KNEE,0.38461538461538464,1.2,1.3636363636363635,0.9090909090909091,3.4,0.9,1.4,2.7,1.1,1.3,1.4657342657342656
1375,WINDOW,1567,DOOR,0.38461538461538464,0.6,0.45454545454545453,0.7272727272727273,3.0,0.9,1.0,2.6,1.2,1.3,1.2166433566433565
1673,ARM,1480,BODY,0.3076923076923077,1.1,0.45454545454545453,0.8181818181818182,2.9,1.1,1.5,2.4,1.0,1.3,1.288041958041958
1471,WINTER,691,SEASON,1.6153846153846154,1.7,2.272727272727273,2.3636363636363638,4.0,2.9,3.6,3.6,2.9,1.5,2.6451748251748253
1472,KEY,1596,LOCK,0.38461538461538464,0.9,0.8181818181818182,1.0,3.4,2.4,0.4,2.7,1.5,0.9,1.4402797202797202
1508,KING,3405,RULER,3.1538461538461537,4.0,5.0,4.363636363636363,4.4,0.9,5.5,4.9,4.5,4.0,4.071748251748252
3282,GROOM,1266,BRIDE,1.3846153846153846,1.0,0.5454545454545454,2.5454545454545454,3.8,3.2,1.0,4.0,1.0,1.1,1.9575524475524475
1333,NECK,805,SPINE,1.5384615384615385,1.5,0.45454545454545453,2.3636363636363638,3.5,0.5,0.5,2.7,1.6,1.2,1.5856643356643356
2407,BIRTHDAY,1226,YEAR,0.5384615384615384,1.4,0.7272727272727273,0.9090909090909091,2.7,1.5,0.7,2.7,1.1,0.8,1.3074825174825175
1480,BODY,1482,SHOULDER,0.38461538461538464,1.4,0.7272727272727273,0.7272727272727273,2.8,1.0,1.0,2.2,1.0,1.2,1.2439160839160839
1489,CLOUD,858,STORM,0.5384615384615384,1.2,0.8181818181818182,1.6363636363636365,2.7,1.1,0.8,2.1,1.3,0.9,1.3093006993006993
640,MUD,25,DIRT,3.6923076923076925,4.8,5.090909090909091,5.7272727272727275,3.9,2.3,0.7,3.4,2.4,2.4,3.441048951048951
1391,TOWN,2547,CITY,3.1538461538461537,3.4,3.8181818181818183,3.3636363636363638,4.8,2.9,3.9,5.3,1.8,3.7,3.613566433566434
1554,MAN,1327,UNCLE,0.6923076923076923,2.1,2.272727272727273,2.272727272727273,2.8,2.3,1.7,2.6,2.1,3.0,2.1837762237762237
1366,BOY,1941,SOLDIER,0.07692307692307693,1.0,2.272727272727273,1.0909090909090908,1.5,0.4,0.0,1.8,0.8,1.2,1.014055944055944
1322,BREAKFAST,1833,DINNER (SUPPER),0.38461538461538464,0.7,0.7272727272727273,1.9090909090909092,3.1,0.7,0.2,2.8,1.2,1.6,1.332097902097902
1844,BOAT,1111,CAR,0.5384615384615384,0.6,0.36363636363636365,0.45454545454545453,2.8,0.6,0.6,2.1,0.8,0.9,0.9756643356643357
113,SHORE,1525,COAST,3.8461538461538463,3.6,2.8181818181818183,3.090909090909091,3.9,4.7,4.8,4.9,3.5,5.1,4.025524475524476
1526,MEAL,1681,WAIST,0.0,0.0,0.0,0.0,0.6,0.5,0.1,0.3,0.3,0.1,0.19
1810,DANGER,1986,DISEASE,0.3076923076923077,0.6,0.45454545454545453,0.7272727272727273,2.9,0.8,0.3,1.4,0.7,0.3,0.848951048951049
1491,MOUSE,1208,CAT,0.3076923076923077,0.6,0.2727272727272727,0.2727272727272727,2.7,0.5,0.3,2.2,0.7,1.4,0.9253146853146854
1357,DAUGHTER,2099,CHILD,1.0,1.3,2.909090909090909,1.9090909090909092,2.1,0.4,2.4,2.1,1.0,2.1,1.721818181818182
1763,CLUB,1720,SIGN,0.0,0.0,0.0,0.09090909090909091,0.3,0.9,0.0,0.5,0.7,0.1,0.2590909090909091
2009,DOG,615,HORSE,0.15384615384615385,0.3,0.8181818181818182,1.4545454545454546,2.6,0.5,0.6,2.1,0.9,1.6,1.1026573426573427
815,GOVERNMENT,632,LIZARD,0.0,0.0,0.0,0.09090909090909091,0.2,0.0,0.0,0.0,0.0,0.0,0.02909090909090909
1343,SUN,1732,SKY,0.6153846153846154,1.0,0.9090909090909091,0.9090909090909091,2.3,1.0,1.3,2.4,1.5,1.0,1.2933566433566432
1673,ARM,1371,KNEE,0.07692307692307693,0.7,0.36363636363636365,0.36363636363636365,2.4,0.5,0.6,2.2,1.0,1.3,0.9504195804195804
803,ANKLE,1375,WINDOW,0.0,0.0,0.0,0.18181818181818182,0.2,0.1,0.0,0.0,0.0,0.0,0.04818181818181818
819,STOMACH,1924,VEIN,0.0,0.6,0.2727272727272727,0.2727272727272727,2.0,0.4,0.3,1.3,0.3,1.0,0.6445454545454545
1753,TOP,682,SIDE,0.3076923076923077,0.4,0.2727272727272727,0.45454545454545453,2.3,1.2,0.3,2.1,0.9,0.5,0.8734965034965034
1111,CAR,2620,CARRIAGE,2.5384615384615383,0.9,1.9090909090909092,1.1818181818181819,3.7,4.9,2.6,4.3,1.5,1.4,2.492937062937063
2606,COMPASS,1290,ELEPHANT,0.0,0.0,0.09090909090909091,0.09090909090909091,0.0,0.1,0.0,0.0,1.1,0.1,0.1481818181818182
3102,TANK,1111,CAR,0.6153846153846154,1.4,0.6363636363636364,0.7272727272727273,0.9,0.6,0.4,1.4,1.0,0.9,0.8579020979020979
1010,BOUNDARY,2546,BORDER,4.846153846153846,4.4,3.1818181818181817,3.727272727272727,4.1,5.1,3.4,5.6,3.4,3.0,4.0755244755244755
1803,WOOD,806,BLANKET,0.0,0.0,0.0,0.0,0.1,0.1,0.0,0.3,0.1,0.0,0.06
1490,RAT,1491,MOUSE,2.6153846153846154,2.0,5.636363636363637,4.818181818181818,4.4,4.4,1.3,4.4,2.2,3.0,3.476993006993007
1639,BEER,404,ALCOHOL (FERMENTED DRINK),1.6923076923076923,2.2,5.181818181818182,4.090909090909091,4.8,2.5,3.6,3.7,2.7,2.8,3.3265034965034963
1301,FOOT,1256,HEAD,0.07692307692307693,0.6,0.18181818181818182,0.2727272727272727,1.8,0.5,0.3,2.2,0.9,1.2,0.8031468531468532
981,ELBOW,803,ANKLE,0.38461538461538464,0.5,0.5454545454545454,0.6363636363636364,2.6,0.4,0.8,2.8,1.2,1.4,1.1266433566433567
1480,BODY,2626,NERVE,0.0,0.6,1.8181818181818181,0.5454545454545454,2.8,0.5,0.4,1.6,0.7,1.0,0.9963636363636363
671,SAND,1301,FOOT,0.0,0.0,0.09090909090909091,0.09090909090909091,0.9,0.4,0.0,0.6,0.1,0.0,0.21818181818181817
1366,BOY,1620,SON,1.3846153846153846,2.0,3.0,2.727272727272727,3.0,3.1,2.4,4.5,2.8,4.1,2.901188811188811
2295,SUNSET,2296,SUNRISE,0.5384615384615384,0.6,0.5454545454545454,0.6363636363636364,2.8,0.6,0.3,2.9,1.1,1.2,1.122027972027972
1389,TOE,1303,FINGER,0.9230769230769231,6.0,0.2727272727272727,0.6363636363636364,2.9,4.9,4.5,3.9,1.3,1.9,2.7232167832167833
2626,NERVE,1583,BRAIN,0.5384615384615384,1.0,1.8181818181818181,1.0909090909090908,3.0,1.0,0.7,2.2,1.8,1.9,1.5047552447552448
1368,BREAD,1569,CHEESE,0.15384615384615385,0.4,0.2727272727272727,0.5454545454545454,2.3,0.4,0.1,2.2,1.3,1.3,0.8972027972027972
1499,JUICE,1378,SPOON,0.0,0.3,0.0,0.36363636363636365,0.5,0.2,0.0,1.0,0.6,0.2,0.31636363636363635
122,CART,2620,CARRIAGE,2.923076923076923,0.9,3.6363636363636362,4.090909090909091,2.9,2.5,0.4,5.2,2.1,4.5,2.915034965034965
1038,TEACHER,753,PUPIL (STUDENT),0.3076923076923077,0.9,0.45454545454545453,0.9090909090909091,3.2,0.6,0.2,2.6,1.3,1.1,1.1571328671328671
619,ANIMAL,683,PERSON,0.6153846153846154,0.8,2.0,0.36363636363636365,1.5,0.4,0.0,1.5,1.5,0.4,0.907902097902098
1732,SKY,2374,DREAM,0.15384615384615385,0.4,0.18181818181818182,0.0,1.3,0.5,0.0,0.8,0.8,0.1,0.42356643356643364
1524,WINE,842,LIQUOR,1.3076923076923077,2.5,4.0,3.1818181818181817,4.5,0.2,3.6,2.8,2.1,2.6,2.678951048951049
3380,HUNTING DOG,1312,FOX,0.7692307692307693,0.3,0.7272727272727273,1.2727272727272727,3.1,1.2,0.2,2.3,1.0,1.5,1.236923076923077
1394,BONE,1333,NECK,0.23076923076923078,0.4,0.2727272727272727,0.45454545454545453,2.8,0.4,0.4,2.0,0.8,1.4,0.9158041958041958
1896,FINGERNAIL OR TOENAIL,1277,HAND,0.38461538461538464,1.3,0.5454545454545454,0.8181818181818182,2.3,1.2,0.0,2.7,1.1,1.6,1.1948251748251748
1325,FRIEND,1216,MOTHER,1.2307692307692308,0.9,0.2727272727272727,0.36363636363636365,1.7,0.3,0.5,1.7,1.9,1.1,0.9967132867132866
1368,BREAD,1594,FLOUR,0.6923076923076923,1.3,1.7272727272727273,0.6363636363636364,3.5,1.1,0.6,2.6,1.2,1.4,1.4755944055944057
2549,VEHICLE,1070,BUS,1.9230769230769231,1.9,3.0,2.1818181818181817,4.4,2.5,3.4,4.0,2.3,3.0,2.8604895104895105
946,BLOOD,1480,BODY,0.3076923076923077,0.9,0.9090909090909091,0.7272727272727273,2.6,0.5,0.5,2.4,1.3,0.9,1.1044055944055944
1199,WIFE,1200,HUSBAND,1.5384615384615385,0.7,0.2727272727272727,2.1818181818181817,4.1,1.5,0.7,3.7,3.4,1.3,1.9393006993006991
674,MOUTH,478,LIP,1.5384615384615385,1.3,2.4545454545454546,3.6363636363636362,3.7,2.3,3.8,4.1,2.3,2.0,2.712937062937063
2819,GRASSLAND,2819,GRASSLAND,2.3846153846153846,2.3,3.8181818181818183,4.2727272727272725,3.5,4.6,3.9,4.5,4.6,3.8,3.767552447552448
2099,CHILD,3635,ADULT,0.38461538461538464,0.8,0.5454545454545454,0.5454545454545454,1.7,0.5,0.0,2.4,1.0,1.0,0.8875524475524476
2351,SILKWORM,2247,CATERPILLAR,1.7692307692307692,2.8,2.0,2.5454545454545454,4.7,3.1,2.9,3.6,2.6,3.6,2.9614685314685314
946,BLOOD,2259,FLESH,1.1538461538461537,1.2,0.36363636363636365,0.36363636363636365,2.7,0.6,0.6,3.4,1.0,0.9,1.228111888111888
3703,STICKY,1230,DIRTY,1.0,1.8,0.6363636363636364,0.5454545454545454,0.6,1.6,1.7,2.5,2.0,2.8,1.518181818181818
1518,STUPID,1492,DUMB,5.384615384615385,3.4,5.818181818181818,5.2727272727272725,4.9,4.9,5.5,6.0,5.0,5.2,5.137552447552448
584,DIFFICULT,584,DIFFICULT,5.846153846153846,4.3,4.454545454545454,5.545454545454546,5.2,2.8,2.9,6.0,4.5,2.4,4.394615384615385
1682,GUILTY,1894,ASHAMED,3.923076923076923,2.5,4.363636363636363,4.2727272727272725,0.8,1.8,0.3,3.0,2.0,0.9,2.385944055944056
1203,LONG,1267,NARROW,0.3076923076923077,0.3,0.2727272727272727,0.6363636363636364,0.9,0.3,0.2,1.7,0.9,0.7,0.6216783216783217
1492,DUMB,209,RARE,0.0,0.0,0.0,0.2727272727272727,0.3,0.2,0.0,0.3,0.0,0.0,0.10727272727272727
2530,SMART,1492,DUMB,0.07692307692307693,0.3,0.09090909090909091,0.09090909090909091,1.3,0.2,0.0,1.7,0.7,0.4,0.4858741258741259
1229,OLD,1231,NEW,0.07692307692307693,0.2,0.2727272727272727,0.18181818181818182,1.7,0.2,0.0,1.7,0.7,0.4,0.5431468531468531
1757,TIRED,1533,BE HUNGRY,0.23076923076923078,0.5,0.45454545454545453,0.5454545454545454,1.7,1.0,0.3,2.1,0.9,0.3,0.803076923076923
686,EASY,584,DIFFICULT,0.07692307692307693,0.2,0.18181818181818182,0.36363636363636365,1.6,0.2,0.0,1.7,0.6,0.4,0.5322377622377623
269,COOKED,3362,BOILED WATER,2.5384615384615383,2.6,2.5454545454545454,0.7272727272727273,3.3,4.6,3.8,3.9,0.8,3.6,2.8411188811188812
1243,WIDE,1267,NARROW,0.07692307692307693,0.1,0.2727272727272727,0.18181818181818182,1.7,0.2,0.0,1.8,0.5,0.4,0.5231468531468532
1533,BE HUNGRY,847,THIRSTY,0.8461538461538461,1.1,1.8181818181818181,2.090909090909091,2.8,1.2,1.0,4.1,2.0,1.1,1.8055244755244755
69,SOBER,1463,DRUNK,0.07692307692307693,0.1,0.18181818181818182,0.18181818181818182,0.5,0.2,0.0,1.8,0.6,0.4,0.404055944055944
2755,BUSY,1564,LAZY,0.0,0.1,0.09090909090909091,0.18181818181818182,0.9,0.3,0.0,0.9,0.3,0.3,0.30727272727272725
487,SHY,3033,SCARED,1.3846153846153846,0.5,0.9090909090909091,2.4545454545454546,1.3,2.3,2.0,2.2,1.7,0.9,1.564825174825175
686,EASY,1202,BIG,0.0,0.0,0.0,0.0,0.5,0.0,0.0,0.4,0.2,0.0,0.11000000000000001
1404,STRAIGHT,1698,CURVED,0.15384615384615385,0.1,0.18181818181818182,0.2727272727272727,1.9,0.3,0.0,1.6,0.6,0.5,0.5608391608391609
3703,STICKY,1726,WET,0.5384615384615384,0.8,2.0,1.5454545454545454,2.1,0.8,0.6,1.9,1.8,1.0,1.3083916083916083
1645,SHORT,1203,LONG,0.07692307692307693,0.1,0.18181818181818182,0.2727272727272727,1.8,0.2,0.0,1.8,0.5,0.4,0.5331468531468532
1267,NARROW,2531,BROAD,0.07692307692307693,0.1,0.18181818181818182,0.2727272727272727,1.7,0.2,0.0,1.1,0.3,0.3,0.4231468531468532
905,BORING,1757,TIRED,0.3076923076923077,0.5,0.18181818181818182,0.09090909090909091,0.7,1.5,0.3,1.6,1.5,0.9,0.7580419580419581
1492,DUMB,1310,CLEVER,0.07692307692307693,0.1,0.18181818181818182,0.5454545454545454,1.3,0.2,0.0,1.5,0.5,0.4,0.48041958041958044
1202,BIG,1210,HEAVY,2.230769230769231,1.7,0.45454545454545453,0.6363636363636364,2.9,0.8,1.2,3.9,2.1,1.2,1.712167832167832
1202,BIG,1202,BIG,5.923076923076923,5.3,3.8181818181818183,3.1818181818181817,4.4,2.7,5.4,3.8,4.2,5.8,4.452307692307692
156,RED,837,BLUE,0.6153846153846154,0.1,0.18181818181818182,0.18181818181818182,3.0,0.5,0.0,2.3,0.5,1.2,0.8579020979020979
1492,DUMB,2530,SMART,0.07692307692307693,0.1,0.18181818181818182,0.5454545454545454,1.1,0.6,0.0,1.7,0.7,0.4,0.5404195804195804
1674,POOR,174,PROUD,0.0,0.1,0.09090909090909091,0.0,0.6,0.2,0.2,0.6,0.6,0.0,0.23909090909090908
487,SHY,1426,EXPENSIVE,0.0,0.0,0.0,0.0,0.4,0.4,0.0,0.2,0.1,0.0,0.11000000000000001
1847,SICK,1899,MAD,0.3076923076923077,1.5,0.9090909090909091,0.09090909090909091,2.2,1.4,2.2,4.9,1.3,1.6,1.6407692307692308
1120,HONEST,1682,GUILTY,0.0,0.0,0.09090909090909091,0.2727272727272727,1.1,0.1,0.0,1.2,0.8,0.1,0.36636363636363634
1292,BAD,1682,GUILTY,1.3846153846153846,0.4,0.09090909090909091,0.5454545454545454,2.0,1.4,2.0,2.7,1.4,1.0,1.292097902097902
3002,PRECIOUS,1702,HOLY,2.923076923076923,2.3,1.4545454545454546,1.1818181818181819,2.9,2.0,0.9,4.5,2.5,2.6,2.325944055944056
3002,PRECIOUS,1564,LAZY,0.0,0.0,0.09090909090909091,0.09090909090909091,0.3,0.0,0.0,0.2,0.3,0.0,0.09818181818181818
1202,BIG,2531,BROAD,2.6153846153846154,1.4,3.272727272727273,2.909090909090909,3.8,1.9,2.1,3.6,4.2,4.3,3.0097202797202796
1698,CURVED,297,CROOKED,2.0,5.0,3.4545454545454546,3.4545454545454546,4.6,3.5,4.9,6.0,4.5,2.1,3.9509090909090907
1030,NECESSARY,1285,IMPORTANT,4.0,3.5,3.8181818181818183,3.1818181818181817,5.1,3.5,4.2,4.7,4.9,4.7,4.16
785,STRONG,174,PROUD,0.6153846153846154,1.0,0.5454545454545454,0.36363636363636365,2.2,1.0,0.8,1.8,0.8,0.6,0.9724475524475524
1495,HAPPY,1207,YOUNG,0.07692307692307693,0.2,0.09090909090909091,0.09090909090909091,1.0,0.1,0.3,0.7,0.8,0.1,0.3458741258741259
1230,DIRTY,1863,AMAZING,0.0,0.0,0.0,0.0,0.8,0.0,0.0,0.7,0.5,0.0,0.2
197,OTHER,885,OPPOSITE,0.5384615384615384,1.2,0.2727272727272727,0.18181818181818182,2.8,1.1,1.6,2.5,0.5,0.3,1.0993006993006993
1230,DIRTY,1267,NARROW,0.0,0.0,0.0,0.0,0.9,0.0,0.0,0.2,0.5,0.0,0.16
1267,NARROW,1335,WHITE,0.0,0.0,0.36363636363636365,0.0,0.4,0.0,0.0,0.1,0.2,0.0,0.10636363636363637
3634,STUBBORN,1518,STUPID,0.3076923076923077,0.7,1.7272727272727273,0.45454545454545453,1.5,0.7,0.6,2.0,2.3,0.7,1.098951048951049
243,FRESH,1243,WIDE,0.0,0.0,0.0,0.0,0.1,0.1,0.1,0.2,0.1,0.0,0.06000000000000001
1230,DIRTY,1887,CHEAP,0.07692307692307693,0.0,0.6363636363636364,0.5454545454545454,1.2,0.0,0.1,0.3,1.3,0.2,0.4358741258741259
2530,SMART,2530,SMART,5.6923076923076925,3.1,5.181818181818182,4.2727272727272725,4.2,5.3,5.1,4.8,5.0,5.6,4.824685314685315
544,SPICY,1035,GOOD,0.0,0.7,0.0,0.09090909090909091,0.4,0.0,0.5,0.3,1.1,0.2,0.3290909090909091
2316,FREE,90,INNOCENT,1.6153846153846154,0.0,0.09090909090909091,0.0,1.1,0.1,1.1,1.7,1.1,0.6,0.7406293706293707
1884,HARD,2239,DENSE,2.5384615384615383,2.9,2.5454545454545454,2.909090909090909,1.8,2.0,0.4,1.9,2.3,0.8,2.009300699300699
3033,SCARED,3975,NERVOUS,2.6923076923076925,1.5,2.0,3.0,3.3,2.1,1.6,1.7,2.1,2.0,2.1992307692307693
1202,BIG,1691,FLEXIBLE,0.0,0.0,0.2727272727272727,0.09090909090909091,0.6,0.0,0.0,0.3,0.4,0.4,0.20636363636363636
1495,HAPPY,1826,ANGRY,0.07692307692307693,0.0,0.0,0.2727272727272727,1.1,0.2,0.1,1.4,0.3,0.4,0.384965034965035
1229,OLD,243,FRESH,0.07692307692307693,0.1,0.18181818181818182,0.0,1.0,0.0,0.0,0.3,0.2,0.4,0.22587412587412586
174,PROUD,699,SAD,0.0,0.1,0.2727272727272727,0.0,0.0,0.1,0.0,1.3,0.0,0.0,0.17727272727272728
1231,NEW,243,FRESH,3.076923076923077,3.4,4.0,2.6363636363636362,4.0,4.0,4.5,4.0,4.0,4.6,3.821328671328671
1412,RUDE,377,LOUD,0.6923076923076923,1.3,3.0,0.5454545454545454,0.4,0.9,0.9,1.7,1.7,0.6,1.173776223776224
584,DIFFICULT,686,EASY,0.07692307692307693,0.1,0.18181818181818182,0.09090909090909091,2.2,0.2,0.0,1.8,0.5,0.4,0.554965034965035
2880,HALT (STOP),741,DRIVE,0.0,0.1,0.09090909090909091,0.09090909090909091,1.0,0.6,0.0,1.5,0.6,0.2,0.41818181818181815
2900,PROTECT,1897,HELP,1.6923076923076923,2.6,1.0909090909090908,2.6363636363636362,2.5,1.3,2.6,3.4,1.7,2.0,2.151958041958042
1523,FORGET,41,IGNORE,0.7692307692307693,2.1,3.272727272727273,2.4545454545454546,1.7,2.4,1.4,3.7,1.6,1.9,2.12965034965035
695,GO,749,ENTER,1.6923076923076923,1.0,1.0,0.7272727272727273,0.9,1.3,3.1,3.0,1.3,0.9,1.491958041958042
1823,BORROW,3534,BEG,1.1538461538461537,0.6,1.0909090909090908,0.6363636363636364,2.2,1.3,0.9,1.1,1.8,1.0,1.1781118881118882
1752,LEAVE,1076,EMERGE (APPEAR),0.07692307692307693,0.1,0.0,0.09090909090909091,1.0,0.6,0.5,0.2,0.4,0.0,0.2967832167832168
1536,UNDERSTAND,1528,FORGIVE,0.7692307692307693,2.0,0.6363636363636364,0.36363636363636365,2.3,1.0,2.0,2.8,2.3,1.1,1.5269230769230768
681,DESTROY,734,MAKE,0.07692307692307693,0.1,0.18181818181818182,0.2727272727272727,1.5,0.2,0.0,1.4,0.8,0.4,0.49314685314685314
1401,DRINK,897,SWALLOW,1.7692307692307692,1.6,1.0909090909090908,0.9090909090909091,3.1,2.2,2.6,4.2,2.2,2.2,2.186923076923077
1823,BORROW,1784,WANT,0.0,0.0,0.2727272727272727,0.18181818181818182,2.0,1.0,0.5,1.0,0.6,0.8,0.6354545454545455
695,GO,1571,SELL,0.0,0.8,0.0,0.09090909090909091,0.3,0.1,0.0,0.4,0.3,0.2,0.2190909090909091
367,RIDE,1519,RUN,0.38461538461538464,0.4,0.36363636363636365,0.18181818181818182,1.0,0.4,0.2,1.5,0.8,0.9,0.613006993006993
1890,BELIEVE,1079,FEEL,2.076923076923077,0.9,0.9090909090909091,0.2727272727272727,1.6,2.2,1.2,2.7,1.4,1.5,1.475874125874126
1990,BECOME,1521,SEEM,0.23076923076923078,1.2,0.2727272727272727,0.7272727272727273,2.6,0.4,0.5,1.6,0.5,0.4,0.8430769230769231
719,FIND,485,DISAPPEAR,0.0,0.0,0.0,0.0,1.3,0.3,0.0,0.4,0.7,0.3,0.3
2880,HALT (STOP),1025,WHISTLE,0.0,0.0,0.0,0.2727272727272727,0.9,0.5,0.1,0.5,0.3,0.1,0.2672727272727273
3447,BEGIN OR START,695,GO,1.5384615384615385,0.3,0.18181818181818182,0.0,0.3,0.6,0.0,1.3,0.6,0.7,0.552027972027972
1447,GIVE,582,LEND,2.6923076923076925,1.7,2.090909090909091,4.454545454545454,3.2,2.2,1.3,3.9,2.5,1.9,2.5937762237762234
695,GO,1446,COME,0.6153846153846154,1.2,0.45454545454545453,0.2727272727272727,1.2,1.3,1.9,4.1,0.6,0.9,1.2542657342657342
1403,BITE,1423,FIGHT,0.6923076923076923,0.7,1.7272727272727273,0.45454545454545453,2.4,0.6,0.9,1.8,1.1,1.0,1.1374125874125873
3302,QUARREL (VERB),3645,PERSUADE,2.1538461538461537,3.3,2.272727272727273,0.5454545454545454,2.6,1.3,4.6,0.8,2.1,0.7,2.0372027972027973
2493,BOIL,991,FRY,1.5384615384615385,0.7,0.7272727272727273,0.45454545454545453,2.2,0.8,2.5,3.0,0.9,2.1,1.492027972027972
1909,SHAKE,696,STIR,1.1538461538461537,1.2,1.9090909090909092,0.5454545454545454,3.9,2.9,2.0,4.1,2.2,1.9,2.180839160839161
1423,FIGHT,1417,KILL,0.6923076923076923,0.3,1.2727272727272727,4.0,2.6,0.5,1.0,2.1,1.0,1.5,1.4965034965034965
1812,TRY,2271,THINK,0.0,0.3,0.5454545454545454,0.7272727272727273,2.1,0.7,0.5,0.3,0.9,0.3,0.6372727272727273
1735,TEAR (SHRED),976,WEAR,0.6153846153846154,0.0,0.18181818181818182,0.0,0.8,0.0,0.0,0.2,0.1,0.1,0.19972027972027973
1752,LEAVE,41,IGNORE,1.1538461538461537,0.5,0.36363636363636365,0.2727272727272727,1.6,0.3,1.5,4.5,1.7,2.4,1.429020979020979
2716,BLAME (SOMEBODY),1814,ACCUSE,4.153846153846154,4.3,3.3636363636363638,2.8181818181818183,4.7,2.4,4.5,4.7,3.1,4.1,3.8135664335664337
1784,WANT,1750,CHOOSE,0.6153846153846154,0.7,0.7272727272727273,0.18181818181818182,2.7,1.4,1.4,3.0,1.3,0.7,1.2724475524475525
724,READ,1403,BITE,0.0,0.0,0.0,0.18181818181818182,0.3,0.0,0.0,0.0,0.2,0.0,0.06818181818181819
1608,LISTEN,1635,OBEY,1.2307692307692308,1.6,2.909090909090909,3.8181818181818183,2.0,0.9,1.8,4.1,0.9,0.8,2.005804195804196
713,STEAL,1869,BUY,0.23076923076923078,0.0,0.5454545454545454,0.0,0.5,0.2,0.0,1.6,0.6,0.6,0.42762237762237765
1536,UNDERSTAND,1608,LISTEN,1.0769230769230769,0.6,1.3636363636363635,0.18181818181818182,1.9,1.1,1.1,2.7,1.3,1.6,1.2922377622377623
1468,LOOK FOR,719,FIND,1.9230769230769231,1.3,4.818181818181818,3.6363636363636362,2.7,1.3,0.8,2.7,1.2,1.8,2.217762237762238
3535,BE DEFEATED,866,WIN,3.076923076923077,0.8,4.454545454545454,3.6363636363636362,5.4,0.3,2.3,3.9,1.6,2.2,2.7667832167832165
150,WORRY,79,WASTE,0.0,0.0,0.0,0.0,0.2,0.1,0.0,0.3,0.3,0.1,0.1
1447,GIVE,755,DENY,0.0,0.1,0.0,0.0,0.1,0.1,0.0,0.4,0.3,0.0,0.1
1743,JOIN,2882,ADD,2.6923076923076925,1.3,3.727272727272727,3.6363636363636362,1.9,2.9,3.0,4.3,1.6,1.4,2.6455944055944056
1417,KILL,129,CHOKE,1.0,2.3,4.454545454545454,3.727272727272727,3.2,1.0,2.0,3.6,2.6,0.9,2.478181818181818
1990,BECOME,1076,EMERGE (APPEAR),0.07692307692307693,0.7,0.36363636363636365,0.2727272727272727,2.3,0.9,1.5,1.4,0.7,3.6,1.1813286713286713
2017,MIX,1401,DRINK,0.0,0.1,0.0,0.09090909090909091,0.5,0.6,0.1,0.8,0.6,0.0,0.2790909090909091
2864,DECREASE,2014,GO DOWN (DESCEND),0.6923076923076923,0.4,0.18181818181818182,0.0,4.0,2.6,1.6,4.2,1.1,0.3,1.5074125874125874
2882,ADD,1840,BUILD,1.3846153846153846,0.5,1.0,0.6363636363636364,1.6,1.0,0.9,1.5,0.9,0.9,1.032097902097902
694,GET,998,PUT,0.07692307692307693,0.3,0.0,0.0,0.3,0.2,0.0,0.5,0.2,0.2,0.17769230769230768
692,BRING,3642,COMPLAIN,0.0,0.2,0.18181818181818182,0.0,0.7,0.0,0.0,0.2,0.1,0.0,0.13818181818181818
3642,COMPLAIN,3302,QUARREL (VERB),1.6923076923076923,0.7,2.090909090909091,0.18181818181818182,2.0,2.7,1.5,2.1,1.1,1.3,1.5365034965034965
1660,LOSE,1477,KEEP,0.0,0.1,0.18181818181818182,0.09090909090909091,1.0,0.1,0.0,1.5,0.4,0.2,0.3572727272727273
1100,COOK (SOMETHING),991,FRY,2.3076923076923075,1.3,0.45454545454545453,0.8181818181818182,3.4,2.8,2.6,3.4,2.4,3.8,2.328041958041958
369,OWE,582,LEND,0.07692307692307693,1.3,0.36363636363636365,0.45454545454545453,4.2,0.5,2.5,1.0,1.0,2.2,1.3595104895104897
1447,GIVE,1823,BORROW,0.07692307692307693,1.4,2.3636363636363638,4.454545454545454,2.2,1.0,1.8,1.8,3.0,1.8,1.9895104895104896
1623,SPEAK,55,WHISPER,1.5384615384615385,1.2,3.0,1.1818181818181819,3.6,1.5,2.2,4.0,2.2,2.8,2.322027972027972
1447,GIVE,998,PUT,0.3076923076923077,0.7,0.2727272727272727,0.6363636363636364,0.7,1.2,0.4,1.8,0.6,0.9,0.7516783216783216
2900,PROTECT,1330,DEFEND,4.0,4.1,4.0,3.4545454545454546,4.6,5.0,5.1,5.5,4.6,4.3,4.465454545454546
3649,PUNISH,1635,OBEY,0.0,0.2,0.18181818181818182,0.2727272727272727,0.9,1.0,0.8,1.6,0.6,0.4,0.5954545454545455
504,LEARN,1608,LISTEN,0.7692307692307693,0.7,0.5454545454545454,0.36363636363636365,1.8,1.0,0.5,2.4,1.8,0.6,1.0478321678321678
1608,LISTEN,1408,HEAR,4.230769230769231,2.9,4.2727272727272725,4.0,4.8,5.1,2.3,4.7,2.9,3.1,3.8303496503496506
3643,AGREE,3302,QUARREL (VERB),0.07692307692307693,0.2,0.36363636363636365,0.0,1.5,0.5,0.0,2.9,0.7,0.4,0.664055944055944
2021,GRASP,1536,UNDERSTAND,4.076923076923077,2.5,4.2727272727272725,1.4545454545454546,5.0,0.0,5.0,5.9,5.1,4.9,3.8204195804195806
1752,LEAVE,695,GO,4.384615384615385,1.1,4.090909090909091,3.4545454545454546,3.2,3.4,1.5,4.5,0.9,1.4,2.793006993006993
695,GO,1127,SEND,0.3076923076923077,0.1,0.09090909090909091,0.0,1.9,0.7,0.0,0.9,0.7,0.2,0.4898601398601398
755,DENY,601,LIE (MISLEAD),1.1538461538461537,1.1,0.6363636363636364,0.45454545454545453,4.5,1.2,0.9,2.5,1.2,1.0,1.4644755244755245
1417,KILL,681,DESTROY,2.3846153846153846,4.5,3.272727272727273,2.272727272727273,2.6,1.7,1.8,3.2,2.8,3.2,2.773006993006993
2716,BLAME (SOMEBODY),1452,PUSH,0.0,0.0,0.36363636363636365,0.45454545454545453,1.5,0.1,0.0,0.4,0.5,0.0,0.33181818181818185
1586,SMELL (PERCEIVE),92,SPOIL (SOMEBODY OR SOMETHING),0.07692307692307693,0.0,0.0,0.0,1.1,0.0,1.2,0.2,0.0,0.1,0.26769230769230773
3230,DECEIVE,3055,SWINDLE,3.3076923076923075,4.3,2.727272727272727,2.727272727272727,5.0,4.0,4.8,3.8,5.1,4.4,4.016223776223776
133,WEAVE,765,MOVE,0.38461538461538464,0.0,0.0,0.0,0.8,0.3,0.0,0.3,0.4,1.1,0.32846153846153847
3643,AGREE,1271,DELIGHT,0.6923076923076923,1.3,2.0,2.5454545454545454,3.0,1.1,0.8,2.3,0.9,0.9,1.5537762237762238
734,MAKE,1990,BECOME,0.5384615384615384,0.8,2.272727272727273,2.909090909090909,2.2,0.4,0.2,1.1,1.5,0.0,1.192027972027972
2896,CAUSE TO (LET),3238,ALLOW,4.6923076923076925,5.0,3.4545454545454546,2.8181818181818183,2.6,5.1,5.5,4.9,3.6,3.0,4.066503496503496
2904,RINSE,1453,WASH,3.769230769230769,2.6,4.636363636363637,4.0,4.2,3.7,3.5,4.7,3.3,2.8,3.72055944055944
1447,GIVE,3626,KNOW,0.07692307692307693,0.4,0.0,0.09090909090909091,0.5,0.5,0.2,0.6,0.0,0.3,0.2667832167832168
1523,FORGET,504,LEARN,0.07692307692307693,0.2,0.0,0.09090909090909091,0.9,0.1,0.0,1.5,0.5,0.4,0.3767832167832168
366,LIMP,1443,WALK,1.3076923076923077,0.9,2.5454545454545454,2.6363636363636362,2.3,0.9,0.8,3.3,2.3,2.2,1.9189510489510488
1607,HATE,2715,DESPISE,5.3076923076923075,3.1,3.0,2.6363636363636362,4.0,4.4,4.7,4.8,4.0,3.0,3.894405594405595
2271,THINK,685,DECIDE,1.5384615384615385,1.8,0.45454545454545453,0.6363636363636364,2.4,1.6,2.1,2.7,2.4,1.9,1.7529370629370629
1280,FALL,2411,HURT (SOMEBODY),0.3076923076923077,0.9,0.5454545454545454,0.36363636363636365,0.4,1.1,0.3,1.6,1.5,0.7,0.7716783216783216
1309,ASK (INQUIRE),24,PRAY,1.0769230769230769,1.9,0.5454545454545454,0.36363636363636365,3.0,1.5,0.1,3.9,1.8,1.0,1.5186013986013986
1447,GIVE,3238,ALLOW,0.3076923076923077,1.5,1.0,2.6363636363636362,2.8,0.9,1.7,1.4,2.4,4.1,1.8744055944055944
41,IGNORE,3639,AVOID,2.8461538461538463,3.7,0.0,1.0909090909090908,4.1,3.3,3.1,3.6,4.4,3.5,2.9637062937062937
1752,LEAVE,1831,MEET,0.0,0.0,0.36363636363636365,0.0,0.4,1.8,0.0,0.7,0.0,0.0,0.32636363636363636
2117,DESIRE,1784,WANT,5.615384615384615,5.6,4.181818181818182,3.5454545454545454,5.2,4.6,5.3,5.7,4.6,4.8,4.914265734265735
718,PAY,1869,BUY,1.3076923076923077,1.1,2.8181818181818183,3.3636363636363638,3.0,1.0,2.3,4.2,2.4,2.8,2.428951048951049
1477,KEEP,1447,GIVE,0.0,0.2,0.18181818181818182,0.18181818181818182,0.7,0.7,0.2,1.9,0.5,0.4,0.4963636363636364
1623,SPEAK,1408,HEAR,0.07692307692307693,0.3,0.45454545454545453,0.18181818181818182,1.6,0.7,0.8,1.9,0.7,0.6,0.7313286713286713
695,GO,3238,ALLOW,0.07692307692307693,0.2,0.0,0.0,0.5,0.4,0.2,0.4,0.5,0.5,0.2776923076923077
1112,SUCCEED,1812,TRY,0.7692307692307693,0.3,0.2727272727272727,0.18181818181818182,2.1,0.5,0.1,2.3,1.4,0.9,0.8823776223776223
749,ENTER,369,OWE,0.0,0.0,0.0,0.0,0.2,0.0,0.0,0.3,0.1,0.0,0.06
1743,JOIN,203,MARRY,2.923076923076923,0.6,0.2727272727272727,0.0,1.4,2.4,2.1,3.7,1.9,1.1,1.6395804195804196
866,WIN,1112,SUCCEED,3.076923076923077,1.7,3.727272727272727,4.181818181818182,4.4,3.1,2.6,4.6,4.2,3.3,3.4886013986013986
1749,TAKE,713,STEAL,2.076923076923077,0.5,1.0,0.45454545454545453,2.9,1.0,1.2,3.3,2.0,1.9,1.6331468531468532
183,BAKE,991,FRY,1.3076923076923077,1.4,1.0,2.4545454545454546,2.7,1.4,2.7,4.4,3.3,3.0,2.366223776223776
702,CATCH,1095,LET GO OR SET FREE,0.07692307692307693,0.1,0.2727272727272727,0.45454545454545453,1.3,0.4,0.0,0.4,0.8,0.4,0.42041958041958044
1823,BORROW,1571,SELL,0.07692307692307693,0.1,0.5454545454545454,0.09090909090909091,1.5,0.4,0.0,1.2,0.6,0.3,0.4813286713286713
1387,ARRIVE,1752,LEAVE,0.07692307692307693,0.0,0.2727272727272727,0.0,0.1,0.4,0.0,0.4,0.8,0.3,0.23496503496503496
1477,KEEP,2900,PROTECT,1.0,1.9,0.2727272727272727,0.5454545454545454,2.4,1.8,1.7,4.4,3.2,0.7,1.7918181818181818
1046,SHUT,1278,VOMIT,0.0,0.0,0.0,0.0,0.0,0.0,0.0,0.1,0.0,0.0,0.01
1448,HOLD,928,EMBRACE,2.0,0.4,0.0,0.0,3.3,1.1,1.0,3.6,2.3,1.6,1.53
700,CARRY,692,BRING,2.0,2.2,3.0,4.2727272727272725,0.6,0.7,2.3,3.8,2.1,1.8,2.2772727272727273
1752,LEAVE,1743,JOIN,0.07692307692307693,0.0,0.36363636363636365,0.0,1.1,0.5,0.0,2.2,0.3,0.1,0.4640559440559441
421,RETREAT,1752,LEAVE,2.923076923076923,2.6,3.4545454545454546,4.0,2.9,2.9,3.4,4.9,2.3,3.1,3.2477622377622373
1752,LEAVE,1590,WAIT (FOR),0.0,0.2,0.36363636363636365,0.0,0.8,0.4,0.0,1.3,0.2,0.3,0.3563636363636364
1401,DRINK,2134,RAISE (BRING UP),0.0,0.0,0.0,0.0,0.4,0.0,0.2,0.1,0.8,0.0,0.15
3626,KNOW,1890,BELIEVE,2.0,0.5,0.9090909090909091,0.45454545454545453,2.2,0.9,0.1,3.1,1.9,1.7,1.3763636363636365
694,GET,1869,BUY,1.7692307692307692,3.8,0.8181818181818182,0.0,2.6,3.0,0.2,1.7,2.0,1.1,1.698741258741259
998,PUT,357,HANG UP,0.7692307692307693,0.5,0.9090909090909091,0.8181818181818182,2.7,2.0,0.3,1.0,1.6,0.1,1.0696503496503496
1452,PUSH,1455,PULL,0.07692307692307693,0.6,0.45454545454545453,0.2727272727272727,1.5,1.9,0.5,2.4,0.6,0.5,0.8804195804195803
734,MAKE,733,EARN,2.6923076923076925,3.6,0.36363636363636365,0.0,0.5,0.5,0.9,0.6,0.7,0.2,1.0055944055944057
707,REMEMBER,2271,THINK,0.8461538461538461,0.7,0.36363636363636365,0.09090909090909091,2.2,1.7,0.6,3.3,1.9,1.0,1.27006993006993
1814,ACCUSE,601,LIE (MISLEAD),0.15384615384615385,0.2,0.2727272727272727,0.18181818181818182,2.2,0.5,0.0,1.0,0.5,0.1,0.5108391608391608
1414,SQUEEZE,928,EMBRACE,1.8461538461538463,0.0,0.45454545454545453,0.09090909090909091,1.7,0.9,3.7,3.5,1.4,1.5,1.509160839160839
1047,PURSUE,3645,PERSUADE,0.07692307692307693,1.1,0.18181818181818182,0.2727272727272727,1.5,0.4,1.9,0.7,0.3,0.7,0.7131468531468531
3639,AVOID,755,DENY,0.38461538461538464,0.2,0.5454545454545454,0.2727272727272727,2.1,1.0,0.4,1.1,2.5,0.9,0.9402797202797203
1095,LET GO OR SET FREE,1913,PRESS,0.0,0.0,0.0,0.18181818181818182,1.0,0.2,0.0,0.4,0.4,0.0,0.21818181818181817
1447,GIVE,713,STEAL,0.07692307692307693,0.0,0.36363636363636365,0.09090909090909091,0.7,0.1,0.0,1.4,0.3,0.3,0.33314685314685316
1417,KILL,1330,DEFEND,0.3076923076923077,0.0,0.36363636363636365,0.0,0.8,0.4,0.3,1.3,0.6,0.4,0.44713286713286715
1477,KEEP,1823,BORROW,0.23076923076923078,0.2,0.0,0.0,1.3,0.2,0.0,1.9,0.5,0.4,0.47307692307692306
1660,LOSE,694,GET,0.0,0.0,0.36363636363636365,0.09090909090909091,1.1,0.2,0.0,1.4,0.2,0.1,0.34545454545454546
3552,GREET,1831,MEET,1.9230769230769231,2.0,0.5454545454545454,0.8181818181818182,0.8,0.4,0.8,2.5,1.7,1.8,1.3286713286713288
1261,SING,1574,FLOAT,0.0,0.1,0.0,0.0,0.1,0.0,0.0,0.2,0.0,0.0,0.04
1675,PROMISE,1939,SWEAR,4.846153846153846,3.0,3.909090909090909,3.6363636363636362,1.7,5.3,4.5,5.4,3.3,4.8,4.039160839160839
696,STIR,2017,MIX,3.6153846153846154,1.4,3.5454545454545454,4.454545454545454,4.1,3.1,3.6,4.8,1.6,4.9,3.5115384615384615
2014,GO DOWN (DESCEND),421,RETREAT,1.5384615384615385,0.4,0.09090909090909091,0.09090909090909091,1.6,0.9,1.5,0.6,1.1,1.0,0.8820279720279721
1387,ARRIVE,1446,COME,2.3076923076923075,3.1,2.8181818181818183,2.3636363636363638,3.5,1.9,4.5,5.0,4.0,5.1,3.458951048951049
1443,WALK,1442,STAND,0.38461538461538464,0.2,0.36363636363636365,0.36363636363636365,1.1,0.2,0.0,2.6,0.5,0.7,0.6411888111888112
41,IGNORE,1309,ASK (INQUIRE),0.0,0.0,0.18181818181818182,0.0,0.4,0.2,0.0,1.1,0.2,0.0,0.2081818181818182
709,TEACH,3649,PUNISH,0.0,0.0,0.5454545454545454,0.45454545454545453,1.2,0.5,0.0,0.7,0.2,0.7,0.43
3535,BE DEFEATED,2630,WHIP,2.769230769230769,0.2,0.36363636363636365,0.7272727272727273,1.0,4.3,3.3,5.2,2.4,3.6,2.386013986013986
692,BRING,1127,SEND,0.07692307692307693,0.3,0.09090909090909091,0.18181818181818182,1.7,1.0,0.0,2.1,0.6,0.8,0.684965034965035
754,HURRY,2860,BOLT (MOVE IN HASTE),4.6923076923076925,3.0,4.0,4.454545454545454,5.2,5.7,5.0,5.3,4.4,2.8,4.454685314685315
956,FLEE,2142,RUN AWAY,4.6923076923076925,0.7,5.636363636363637,5.2727272727272725,5.3,5.5,5.7,5.8,5.4,5.6,4.96013986013986
755,DENY,2022,ADMIT,0.07692307692307693,0.1,0.36363636363636365,0.09090909090909091,1.2,0.2,0.0,1.6,0.7,0.4,0.4731468531468532
1749,TAKE,700,CARRY,0.9230769230769231,0.3,2.8181818181818183,3.6363636363636362,1.7,0.7,0.0,1.9,1.1,0.5,1.3577622377622378
1355,LAUGH,1261,SING,0.3076923076923077,0.2,0.0,0.36363636363636365,1.2,0.4,0.2,1.9,0.4,0.5,0.5471328671328671
1355,LAUGH,1839,CRY,0.07692307692307693,0.0,0.36363636363636365,0.09090909090909091,1.2,0.2,0.1,1.9,1.1,0.4,0.5431468531468531
1587,SMELL (STINK),1586,SMELL (PERCEIVE),3.6153846153846154,0.4,2.5454545454545454,2.5454545454545454,1.5,2.7,5.7,4.0,2.6,5.5,3.1106293706293706
1917,TIE,133,WEAVE,1.9230769230769231,0.1,1.9090909090909092,1.0909090909090908,3.4,0.0,1.5,3.4,3.9,1.1,1.8323076923076922
1100,COOK (SOMETHING),2017,MIX,0.6153846153846154,0.3,0.2727272727272727,0.36363636363636365,1.7,1.0,0.4,2.3,0.9,0.4,0.8251748251748252
1752,LEAVE,749,ENTER,0.07692307692307693,0.0,0.36363636363636365,0.09090909090909091,0.2,0.1,0.5,0.4,0.5,0.0,0.22314685314685315
1752,LEAVE,987,REMAIN,0.23076923076923078,0.0,0.18181818181818182,0.09090909090909091,0.9,0.1,0.0,1.7,0.5,1.1,0.4803496503496504
1528,FORGIVE,1523,FORGET,0.15384615384615385,1.3,0.5454545454545454,0.09090909090909091,2.3,2.2,2.1,3.4,0.7,0.8,1.359020979020979
715,SHOUT,2522,SCREAM (NOISE),3.6923076923076925,5.3,3.5454545454545454,3.727272727272727,5.3,5.4,5.6,5.7,3.3,4.5,4.606503496503497
1590,WAIT (FOR),987,REMAIN,2.230769230769231,0.7,1.1818181818181819,0.5454545454545454,2.0,2.3,1.8,2.9,1.1,1.9,1.665804195804196
1468,LOOK FOR,1435,HUNT,3.230769230769231,1.5,0.7272727272727273,0.7272727272727273,1.4,1.7,2.6,2.0,2.2,2.0,1.8085314685314686
2869,BOTHER (HARASS),2883,DISTURB,3.8461538461538463,3.2,3.8181818181818183,0.0,4.9,3.2,4.0,5.9,3.5,3.9,3.6264335664335667
1446,COME,692,BRING,0.07692307692307693,0.6,1.7272727272727273,2.3636363636363638,3.2,0.6,0.1,0.9,1.0,1.4,1.1967832167832166
3665,TRAVEL,695,GO,2.1538461538461537,2.0,0.2727272727272727,0.9090909090909091,2.9,2.9,2.8,4.1,2.2,3.3,2.3535664335664337
1536,UNDERSTAND,3626,KNOW,3.0,1.5,3.1818181818181817,3.8181818181818183,2.7,3.4,2.5,3.4,3.0,3.1,2.96
1359,SEPARATE,1752,LEAVE,1.0,0.4,2.272727272727273,3.272727272727273,1.7,0.3,0.0,1.8,0.6,0.4,1.1745454545454546
761,COVER,2900,PROTECT,1.7692307692307692,3.2,1.1818181818181819,0.7272727272727273,2.0,3.8,2.1,4.9,1.3,2.6,2.357832167832168
685,DECIDE,1750,CHOOSE,4.153846153846154,1.7,3.8181818181818183,0.7272727272727273,3.4,4.0,4.5,5.1,3.5,2.8,3.36993006993007
1439,SWIM,1831,MEET,0.5384615384615384,0.0,0.0,0.09090909090909091,0.6,0.0,0.0,0.6,0.0,0.0,0.18293706293706294
1523,FORGET,3626,KNOW,0.07692307692307693,0.1,0.0,0.09090909090909091,0.9,0.2,0.0,1.6,0.4,0.3,0.3667832167832168
1413,PLAY,1423,FIGHT,0.0,0.1,0.36363636363636365,0.36363636363636365,0.4,0.4,0.0,1.4,0.7,0.6,0.43272727272727274
3302,QUARREL (VERB),715,SHOUT,1.7692307692307692,0.4,1.0909090909090908,0.2727272727272727,1.7,0.9,3.1,2.1,1.0,1.1,1.3432867132867132
1135,KICK,2411,HURT (SOMEBODY),0.9230769230769231,2.3,0.8181818181818182,2.5454545454545454,1.7,1.3,1.1,3.9,1.9,0.8,1.7286713286713287
1839,CRY,1839,CRY,4.153846153846154,4.3,5.909090909090909,5.454545454545454,2.7,4.8,4.9,2.7,3.8,0.8,3.951748251748252
719,FIND,2142,RUN AWAY,0.0,0.0,0.0,0.0,1.1,0.3,0.0,0.6,0.4,0.4,0.28
1468,LOOK FOR,1819,LOOK,4.769230769230769,1.2,1.0909090909090908,0.7272727272727273,2.0,3.9,0.2,2.4,1.7,1.6,1.9587412587412587
353,STRIKE,161,MISS (A TARGET),0.0,0.0,0.36363636363636365,0.09090909090909091,1.0,0.2,0.1,2.2,0.8,0.4,0.5154545454545455
1897,HELP,1309,ASK (INQUIRE),0.3076923076923077,0.2,0.18181818181818182,0.0,1.9,0.5,0.0,1.2,0.9,0.4,0.558951048951049
2856,CHANGE (SOMETHING),1264,CHANGE,5.615384615384615,2.1,3.8181818181818183,4.181818181818182,5.3,4.2,3.3,5.5,3.0,3.4,4.041538461538462
3649,PUNISH,1433,HIT,0.6153846153846154,0.9,0.0,0.0,2.7,1.3,1.2,2.9,1.9,0.3,1.1815384615384616
1882,BEFORE,1685,AFTER,0.07692307692307693,0.0,0.36363636363636365,0.09090909090909091,1.7,0.1,0.4,1.9,0.6,0.4,0.5631468531468531
1963,IMMEDIATELY,703,SOON,3.0,2.0,1.8181818181818181,0.6363636363636364,1.4,4.1,1.4,3.4,2.3,3.8,2.3854545454545453
1376,NOW,136,HERE,1.6153846153846154,1.1,2.0,0.36363636363636365,1.3,1.9,1.1,1.9,1.8,0.6,1.367902097902098
2916,INSTANTLY (IMMEDIATELY),374,ONE TIME,0.7692307692307693,0.1,0.0,0.18181818181818182,0.6,0.9,0.2,1.3,0.1,0.2,0.43510489510489514
1544,SOMETIMES,1852,OFTEN,0.38461538461538464,0.8,2.1818181818181817,3.1818181818181817,3.5,2.4,0.6,2.5,0.7,0.9,1.7148251748251748
1546,TWICE,1676,ALWAYS,0.15384615384615385,0.1,0.0,0.2727272727272727,1.2,0.1,0.1,1.5,0.0,0.8,0.42265734265734267
374,ONE TIME,1546,TWICE,1.0,0.1,0.6363636363636364,0.18181818181818182,2.2,0.5,0.0,3.4,0.8,1.1,0.9918181818181818
